OrderID,Date,Customer,City,Product,Category,Quantity,Price
1,22-03-2024,,Delhi,Phone,Electronics,1,45348
2,10-03-2024,Riya,mumbai,Phone,Electronics,2,34118
3,12-03-2024,Sara,Hyderabad,Shoes,Fashion,5,19231
4,01-01-2024,John,Delhi,Phone,Electronics,3,7698
5,13-01-2024,Neha,Hyderabad,Laptop,Electronics,4,36142
6,28-04-2024,Vikram,Delhi,Dress,Fashion,3,38837
7,09-01-2024,Amit,Delhi,Phone,Electronics,1,25911
8,22-03-2024,Neha,Delhi,Tablet,Electronics,1,40920
9,09-03-2024,Sara,Bangalore,Watch,Accessories,5,15392
10,17-04-2024,Amit,Mumbai,Shoes,Fashion,3,5337
11,30-04-2024,Neha,Bangalore,Watch,Accessories,4,10363
12,01-02-2024,Raj,Bangalore,Shoes,Fashion,3,15373
13,18-01-2024,Pooja,Mumbai,Phone,Electronics,2,52909
14,17-03-2024,Riya,Hyderabad,Dress,Fashion,3,37256
15,02-01-2024,Riya,Hyderabad,Watch,Accessories,3,8310
16,21-01-2024,,Delhi,Phone,Electronics,5,7973
17,08-02-2024,Sara,Pune,Dress,Fashion,1,40252
18,03-01-2024,Riya,Delhi,Phone,Electronics,5,6161
19,03-03-2024,Riya,Hyderabad,Phone,Electronics,4,37031
20,08-03-2024,Vikram,Hyderabad,Watch,Accessories,2,47723
21,26-03-2024,Neha,Hyderabad,Phone,Electronics,2,5196
22,16-03-2024,Sara,Mumbai,Watch,Accessories,1,16003
23,05-01-2024,Neha,Pune,Shoes,Fashion,2,36339
24,29-04-2024,Pooja,Bangalore,Phone,Electronics,1,7352
25,15-02-2024,Vikram,Mumbai,Watch,Accessories,1,4972
26,13-02-2024,Riya,Pune,Phone,Electronics,4,13025
27,01-02-2024,Riya,Hyderabad,Watch,Accessories,5,55789
28,12-01-2024,Sara,Bangalore,Shoes,Fashion,1,11789
29,19-02-2024,Raj,Bangalore,Watch,Accessories,5,44376
30,20-01-2024,Sara,Mumbai,Dress,Fashion,1,50019
31,07-01-2024,Pooja,Hyderabad,Dress,Fashion,1,56793
32,17-03-2024,Riya,Pune,Dress,Fashion,2,38940
33,20-03-2024,Riya,Hyderabad,Tablet,Electronics,3,14386
34,10-02-2024,Sara,Pune,Tablet,Electronics,4,21720
35,29-04-2024,,Hyderabad,Laptop,Electronics,1,36234
36,03-02-2024,John,Mumbai,Tablet,Electronics,3,11338
37,10-03-2024,Raj,hyderabad,Dress,Fashion,3,44475
38,22-04-2024,John,Mumbai,Phone,Electronics,3,19465
39,01-04-2024,Neha,Delhi,Tablet,Electronics,1,7048
40,16-04-2024,,Delhi,Watch,Accessories,3,11589
41,11-03-2024,Vikram,Mumbai,Watch,Accessories,2,36755
42,17-02-2024,John,Mumbai,Laptop,Electronics,3,14767
43,26-03-2024,Riya,Hyderabad,Shoes,Fashion,5,50117
44,29-04-2024,Sara,Pune,Laptop,Electronics,2,49271
45,10-04-2024,Vikram,Pune,Watch,Accessories,1,26070
46,19-04-2024,Pooja,Bangalore,Phone,Electronics,2,2550
47,21-02-2024,Neha,Mumbai,Tablet,Electronics,3,43040
48,27-03-2024,Neha,Mumbai,Tablet,Electronics,2,39049
49,03-02-2024,Amit,Bangalore,Tablet,Electronics,4,40728
50,15-01-2024,Vikram,Pune,Watch,Accessories,4,1110
51,13-04-2024,Sara,Mumbai,Tablet,Electronics,5,21572
52,16-01-2024,Raj,Bangalore,Watch,Accessories,3,37333
53,23-02-2024,Vikram,Pune,Tablet,Electronics,4,36909
54,08-02-2024,Raj,Hyderabad,Tablet,Electronics,4,29952
55,28-01-2024,Pooja,Pune,Tablet,Electronics,5,44506
56,12-02-2024,Riya,Pune,Phone,Electronics,2,10656
57,01-02-2024,Pooja,Mumbai,Watch,Accessories,5,13742
58,19-02-2024,Pooja,Pune,Laptop,Electronics,1,52014
59,23-01-2024,Pooja,Pune,Laptop,Electronics,4,9738
60,26-03-2024,Neha,Bangalore,Watch,Accessories,5,28966
61,11-03-2024,Pooja,Bangalore,Phone,Electronics,3,51188
62,03-03-2024,Sara,Mumbai,Phone,Electronics,3,23010
63,10-03-2024,Riya,Pune,Phone,Electronics,2,5209
64,12-02-2024,Pooja,Pune,Shoes,Fashion,5,46581
65,22-04-2024,Vikram,Delhi,Shoes,Fashion,4,36272
66,10-03-2024,Sara,Delhi,Laptop,Electronics,4,23028
67,12-04-2024,Vikram,Bangalore,Dress,Fashion,5,2767
68,16-03-2024,Amit,Bangalore,Shoes,Fashion,2,4295
69,11-02-2024,Sara,Delhi,Shoes,Fashion,3,50283
70,23-02-2024,Raj,bangalore,Dress,Fashion,1,23935
71,09-01-2024,Amit,Pune,Laptop,Electronics,5,10986
72,01-03-2024,Riya,Pune,Tablet,Electronics,3,11996
73,05-04-2024,Riya,Pune,Laptop,Electronics,5,2682
74,14-03-2024,Vikram,Pune,Watch,Accessories,2,7678
75,08-02-2024,Riya,Hyderabad,Tablet,Electronics,5,29074
76,09-01-2024,,Bangalore,Laptop,Electronics,4,24736
77,16-04-2024,Pooja,Bangalore,Dress,Fashion,3,41364
78,09-03-2024,Pooja,Hyderabad,Phone,Electronics,1,19279
79,01-02-2024,Pooja,Bangalore,Shoes,Fashion,3,12917
80,15-02-2024,Raj,Hyderabad,Tablet,Electronics,5,1665
81,25-01-2024,Riya,Bangalore,Phone,Electronics,4,43329
82,27-02-2024,Amit,Pune,Phone,Electronics,3,44513
83,01-03-2024,Neha,Hyderabad,Watch,Accessories,4,18754
84,30-01-2024,Riya,Delhi,Dress,Fashion,2,13552
85,02-03-2024,Raj,Hyderabad,Laptop,Electronics,2,20414
86,23-01-2024,,Hyderabad,Laptop,Electronics,1,37264
87,30-04-2024,John,Bangalore,Laptop,Electronics,5,19634
88,26-02-2024,Neha,Mumbai,Shoes,Fashion,1,54878
89,03-03-2024,Riya,Mumbai,Dress,Fashion,3,6582
90,16-01-2024,Vikram,Hyderabad,Dress,Fashion,4,30524
91,08-02-2024,Vikram,Hyderabad,Watch,Accessories,1,50986
92,28-01-2024,Raj,Pune,Dress,Fashion,1,11258
93,27-02-2024,Pooja,Pune,Tablet,Electronics,4,5664
94,28-04-2024,Raj,Hyderabad,Phone,Electronics,4,8521
95,23-03-2024,John,Pune,Phone,Electronics,3,39996
96,13-03-2024,Raj,Bangalore,Watch,Accessories,4,18841
97,04-03-2024,Pooja,Mumbai,Watch,Accessories,3,40564
98,12-01-2024,Sara,Hyderabad,Laptop,Electronics,3,38764
99,06-04-2024,John,Bangalore,Phone,Electronics,5,29566
100,03-03-2024,Riya,Bangalore,Watch,Accessories,1,57212
101,22-02-2024,Pooja,Bangalore,Dress,Fashion,1,30807
102,02-02-2024,Neha,Bangalore,Laptop,Electronics,5,31276
103,25-01-2024,Neha,Bangalore,Laptop,Electronics,2,18501
104,28-04-2024,Raj,Bangalore,Watch,Accessories,5,53383
105,21-01-2024,Raj,Hyderabad,Phone,Electronics,1,31241
106,23-03-2024,John,Delhi,Tablet,Electronics,4,55704
107,01-03-2024,Sara,Pune,Dress,Fashion,5,49909
108,20-04-2024,Riya,Bangalore,Dress,Fashion,3,54775
109,02-04-2024,Raj,Hyderabad,Shoes,Fashion,2,30264
110,14-02-2024,Neha,Hyderabad,Tablet,Electronics,2,46711
111,19-02-2024,Sara,bangalore,Watch,Accessories,4,47217
112,18-02-2024,Vikram,Pune,Laptop,Electronics,2,33918
113,12-02-2024,Riya,Bangalore,Shoes,Fashion,1,48346
114,21-04-2024,John,Delhi,Watch,Accessories,4,43587
115,12-02-2024,Vikram,Bangalore,Laptop,Electronics,5,5484
116,28-03-2024,Raj,Mumbai,Laptop,Electronics,1,30076
117,08-02-2024,,Mumbai,Tablet,Electronics,4,10540
118,22-02-2024,John,Mumbai,Shoes,Fashion,5,45769
119,26-04-2024,John,Delhi,Watch,Accessories,1,59910
120,25-04-2024,Raj,Pune,Tablet,Electronics,5,20605
121,24-02-2024,Raj,Delhi,Shoes,Fashion,4,7989
122,14-03-2024,Neha,delhi,Watch,Accessories,4,18988
123,20-04-2024,Amit,Bangalore,Tablet,Electronics,2,40784
124,29-01-2024,Sara,Pune,Watch,Accessories,1,21246
125,05-01-2024,Neha,Mumbai,Tablet,Electronics,4,12510
126,10-04-2024,Neha,Delhi,Tablet,Electronics,4,53854
127,21-04-2024,Neha,Bangalore,Phone,Electronics,2,57370
128,27-03-2024,Vikram,Hyderabad,Shoes,Fashion,1,18331
129,28-02-2024,Neha,Delhi,Watch,Accessories,3,8100
130,01-03-2024,Amit,Hyderabad,Dress,Fashion,2,43444
131,15-04-2024,Pooja,Delhi,Laptop,Electronics,2,3971
132,08-02-2024,Pooja,Pune,Phone,Electronics,4,30729
133,05-04-2024,Vikram,Pune,Watch,Accessories,1,55636
134,22-02-2024,,Delhi,Shoes,Fashion,2,57062
135,28-03-2024,Neha,Delhi,Tablet,Electronics,2,9005
136,15-04-2024,Pooja,Pune,Dress,Fashion,1,4314
137,01-02-2024,John,Pune,Dress,Fashion,2,39429
138,21-04-2024,Sara,Pune,Dress,Fashion,1,19171
139,19-01-2024,John,Pune,Laptop,Electronics,2,1973
140,10-04-2024,Sara,Mumbai,Laptop,Electronics,2,49609
141,15-01-2024,Riya,Delhi,Laptop,Electronics,4,34019
142,19-03-2024,Amit,Hyderabad,Watch,Accessories,1,4986
143,18-04-2024,Vikram,Mumbai,Shoes,Fashion,1,59934
144,18-03-2024,John,Delhi,Dress,Fashion,5,47671
145,17-03-2024,Raj,Hyderabad,Watch,Accessories,1,56888
146,22-04-2024,Sara,Pune,Shoes,Fashion,4,28262
147,10-02-2024,Vikram,Delhi,Phone,Electronics,4,5399
148,11-01-2024,Riya,Delhi,Dress,Fashion,1,39434
149,12-03-2024,Neha,Bangalore,Watch,Accessories,4,57891
150,07-01-2024,Raj,Delhi,Dress,Fashion,2,11140
151,29-01-2024,Riya,Hyderabad,Tablet,Electronics,5,15821
152,18-04-2024,Amit,delhi,Tablet,Electronics,3,23270
153,24-01-2024,John,Bangalore,Watch,Accessories,1,7013
154,28-01-2024,Vikram,Delhi,Tablet,Electronics,3,51910
155,17-03-2024,Riya,Pune,Dress,Fashion,1,45169
156,26-02-2024,Vikram,Bangalore,Phone,Electronics,5,8459
157,15-01-2024,Raj,Hyderabad,Watch,Accessories,3,3976
158,17-03-2024,,Delhi,Phone,Electronics,3,19969
159,01-01-2024,Pooja,Pune,Dress,Fashion,2,33785
160,26-03-2024,Neha,Mumbai,Shoes,Fashion,1,57499
161,24-02-2024,Vikram,Bangalore,Shoes,Fashion,1,22284
162,20-03-2024,Pooja,Delhi,Laptop,Electronics,2,29552
163,08-03-2024,Riya,Delhi,Phone,Electronics,3,52060
164,06-03-2024,Riya,Pune,Tablet,Electronics,3,48669
165,23-03-2024,John,Pune,Phone,Electronics,5,11018
166,24-03-2024,Riya,Bangalore,Dress,Fashion,5,30419
167,22-04-2024,Neha,Delhi,Laptop,Electronics,4,29980
168,11-04-2024,Raj,Delhi,Tablet,Electronics,4,30616
169,17-02-2024,Raj,Mumbai,Dress,Fashion,4,31324
170,11-04-2024,Amit,Hyderabad,Tablet,Electronics,5,32170
171,08-01-2024,Pooja,Delhi,Laptop,Electronics,5,43344
172,01-02-2024,Pooja,Hyderabad,Phone,Electronics,3,25435
173,19-02-2024,Vikram,Hyderabad,Watch,Accessories,3,5319
174,12-03-2024,Vikram,Hyderabad,Tablet,Electronics,1,39190
175,27-04-2024,Neha,Bangalore,Watch,Accessories,1,21288
176,23-03-2024,Neha,Hyderabad,Watch,Accessories,4,34324
177,16-02-2024,Raj,Pune,Shoes,Fashion,2,15846
178,20-01-2024,Riya,Mumbai,Dress,Fashion,5,3473
179,22-04-2024,John,Pune,Watch,Accessories,5,54021
180,02-04-2024,,Delhi,Phone,Electronics,4,41015
181,05-04-2024,Pooja,Pune,Shoes,Fashion,2,25106
182,14-03-2024,Pooja,Delhi,Dress,Fashion,5,28437
183,14-04-2024,Sara,Pune,Laptop,Electronics,4,58286
184,29-04-2024,Riya,Hyderabad,Tablet,Electronics,1,51011
185,27-02-2024,John,Mumbai,Phone,Electronics,4,58975
186,04-01-2024,Vikram,Hyderabad,Shoes,Fashion,1,25570
187,10-02-2024,Riya,Delhi,Phone,Electronics,1,19800
188,01-03-2024,John,Bangalore,Laptop,Electronics,1,2245
189,16-04-2024,John,Hyderabad,Laptop,Electronics,3,16573
190,07-01-2024,Sara,Hyderabad,Laptop,Electronics,4,40107
191,21-03-2024,Sara,Delhi,Dress,Fashion,3,16765
192,24-01-2024,Riya,Delhi,Dress,Fashion,5,34248
193,05-03-2024,Amit,bangalore,Shoes,Fashion,3,17623
194,15-02-2024,Riya,Mumbai,Watch,Accessories,3,9743
195,10-03-2024,Neha,Pune,Watch,Accessories,4,46573
196,24-01-2024,John,bangalore,Phone,Electronics,1,52846
197,06-01-2024,Neha,Hyderabad,Dress,Fashion,4,17601
198,23-03-2024,Sara,Mumbai,Tablet,Electronics,3,9157
199,25-02-2024,Vikram,Bangalore,Phone,Electronics,4,46355
200,28-04-2024,Raj,Bangalore,Dress,Fashion,2,36748
201,14-01-2024,Riya,Delhi,Dress,Fashion,4,11921
202,14-02-2024,,Delhi,Shoes,Fashion,3,42908
203,08-01-2024,Riya,Bangalore,Watch,Accessories,2,3040
204,18-03-2024,,Mumbai,Watch,Accessories,3,24733
205,13-03-2024,Amit,Bangalore,Tablet,Electronics,4,51009
206,18-01-2024,Neha,Delhi,Laptop,Electronics,1,49213
207,07-03-2024,Vikram,Mumbai,Tablet,Electronics,4,15062
208,06-02-2024,Pooja,Pune,Shoes,Fashion,2,59895
209,12-01-2024,Neha,Mumbai,Tablet,Electronics,3,56794
210,31-03-2024,John,Hyderabad,Phone,Electronics,2,16514
211,04-01-2024,Neha,Delhi,Dress,Fashion,2,41104
212,09-01-2024,Raj,Bangalore,Shoes,Fashion,5,5833
213,10-02-2024,Riya,Hyderabad,Dress,Fashion,5,12925
214,17-01-2024,Vikram,Mumbai,Dress,Fashion,2,20931
215,11-02-2024,Sara,Hyderabad,Laptop,Electronics,3,13864
216,11-03-2024,Raj,Delhi,Laptop,Electronics,5,43007
217,30-04-2024,John,Hyderabad,Dress,Fashion,3,56216
218,06-01-2024,Amit,Hyderabad,Phone,Electronics,5,28301
219,04-01-2024,Pooja,Hyderabad,Tablet,Electronics,4,17048
220,28-03-2024,Vikram,Mumbai,Phone,Electronics,4,28238
221,27-01-2024,Neha,Delhi,Tablet,Electronics,3,27130
222,17-02-2024,Riya,Bangalore,Shoes,Fashion,2,10232
223,07-02-2024,Vikram,Bangalore,Phone,Electronics,3,38859
224,25-01-2024,John,Hyderabad,Tablet,Electronics,4,2518
225,20-02-2024,Pooja,Pune,Laptop,Electronics,1,19438
226,22-04-2024,Pooja,Mumbai,Shoes,Fashion,2,58832
227,16-02-2024,Vikram,Bangalore,Dress,Fashion,2,24758
228,10-01-2024,Vikram,Hyderabad,Dress,Fashion,5,8786
229,13-01-2024,Vikram,Delhi,Tablet,Electronics,2,14045
230,21-02-2024,,Pune,Shoes,Fashion,5,30949
231,24-04-2024,John,Hyderabad,Shoes,Fashion,5,49452
232,16-03-2024,Neha,Hyderabad,Watch,Accessories,5,20647
233,03-01-2024,Neha,Mumbai,Dress,Fashion,3,53216
234,21-04-2024,Amit,Delhi,Dress,Fashion,5,15912
235,15-03-2024,Pooja,Hyderabad,Shoes,Fashion,2,54848
236,05-01-2024,Riya,Bangalore,Phone,Electronics,4,46252
237,05-03-2024,Pooja,Mumbai,Dress,Fashion,2,37758
238,25-03-2024,Pooja,Delhi,Shoes,Fashion,5,23434
239,27-03-2024,Raj,Pune,Tablet,Electronics,5,20562
240,08-02-2024,Raj,Bangalore,Tablet,Electronics,5,53127
241,06-02-2024,Riya,Hyderabad,Shoes,Fashion,3,51663
242,07-02-2024,Amit,Mumbai,Shoes,Fashion,3,49977
243,26-01-2024,Raj,Delhi,Dress,Fashion,5,16681
244,26-03-2024,Sara,Mumbai,Tablet,Electronics,4,7589
245,18-01-2024,Amit,Pune,Shoes,Fashion,4,43633
246,06-02-2024,Neha,Mumbai,Laptop,Electronics,5,16218
247,02-04-2024,Amit,Pune,Phone,Electronics,1,55801
248,04-03-2024,John,Delhi,Laptop,Electronics,3,38221
249,28-04-2024,Neha,Hyderabad,Phone,Electronics,5,31672
250,13-04-2024,Riya,Bangalore,Watch,Accessories,2,1923
251,11-04-2024,Raj,Pune,Watch,Accessories,4,55197
252,11-02-2024,Riya,Mumbai,Phone,Electronics,4,22207
253,01-01-2024,Raj,Bangalore,Tablet,Electronics,3,39172
254,02-01-2024,Raj,Pune,Laptop,Electronics,4,21106
255,28-03-2024,Raj,Delhi,Phone,Electronics,2,9753
256,28-02-2024,Neha,Hyderabad,Dress,Fashion,2,50929
257,06-04-2024,Riya,Hyderabad,Laptop,Electronics,5,8353
258,11-03-2024,Sara,Pune,Dress,Fashion,4,8617
259,01-04-2024,Pooja,Hyderabad,Laptop,Electronics,4,9647
260,28-02-2024,Amit,Delhi,Shoes,Fashion,3,54507
261,28-01-2024,,Delhi,Dress,Fashion,1,59603
262,29-04-2024,,Bangalore,Phone,Electronics,4,25540
263,18-02-2024,Pooja,Bangalore,Watch,Accessories,5,9715
264,14-02-2024,Riya,Hyderabad,Phone,Electronics,2,55710
265,03-01-2024,Raj,Hyderabad,Shoes,Fashion,2,17220
266,20-01-2024,Raj,mumbai,Watch,Accessories,4,41299
267,23-04-2024,Amit,Mumbai,Laptop,Electronics,4,40176
268,21-04-2024,Amit,Mumbai,Phone,Electronics,5,15238
269,09-04-2024,Amit,Delhi,Watch,Accessories,5,21899
270,08-04-2024,Neha,Pune,Dress,Fashion,2,28103
271,08-01-2024,John,Bangalore,Laptop,Electronics,3,43160
272,10-04-2024,Neha,Bangalore,Shoes,Fashion,2,50441
273,31-01-2024,Sara,Pune,Laptop,Electronics,5,28045
274,12-03-2024,John,Delhi,Watch,Accessories,1,30477
275,12-01-2024,Sara,Bangalore,Dress,Fashion,1,58253
276,12-04-2024,Sara,Delhi,Laptop,Electronics,2,13453
277,16-01-2024,Pooja,Hyderabad,Shoes,Fashion,2,37181
278,06-02-2024,Vikram,Delhi,Tablet,Electronics,5,58855
279,13-01-2024,Pooja,Delhi,Tablet,Electronics,3,28127
280,20-04-2024,Sara,Mumbai,Dress,Fashion,5,48186
281,20-01-2024,Sara,Bangalore,Phone,Electronics,4,37086
282,28-03-2024,Neha,Bangalore,Watch,Accessories,4,31200
283,11-04-2024,Neha,Hyderabad,Dress,Fashion,1,35337
284,18-04-2024,Riya,Mumbai,Shoes,Fashion,2,56217
285,09-01-2024,,Hyderabad,Laptop,Electronics,5,42794
286,19-03-2024,Pooja,mumbai,Dress,Fashion,4,1776
287,02-04-2024,Raj,delhi,Watch,Accessories,4,53833
288,23-01-2024,Riya,Hyderabad,Phone,Electronics,5,35501
289,15-02-2024,Raj,Mumbai,Shoes,Fashion,4,38027
290,30-03-2024,Sara,Mumbai,Watch,Accessories,1,7127
291,18-02-2024,Pooja,Mumbai,Laptop,Electronics,4,56399
292,10-04-2024,Neha,Mumbai,Laptop,Electronics,2,14855
293,29-03-2024,Pooja,Mumbai,Tablet,Electronics,5,37930
294,23-01-2024,,Pune,Watch,Accessories,4,6042
295,13-03-2024,Sara,Bangalore,Dress,Fashion,3,26155
296,18-01-2024,Riya,Delhi,Shoes,Fashion,2,55963
297,18-03-2024,Vikram,delhi,Tablet,Electronics,4,33152
298,11-03-2024,Vikram,Hyderabad,Laptop,Electronics,5,20357
299,01-04-2024,Riya,Pune,Watch,Accessories,2,49474
300,16-02-2024,Riya,Delhi,Tablet,Electronics,1,9683
301,25-02-2024,Pooja,Hyderabad,Laptop,Electronics,1,24194
302,17-03-2024,Neha,Mumbai,Shoes,Fashion,1,48503
303,25-04-2024,Sara,Pune,Phone,Electronics,2,18623
304,04-03-2024,John,Bangalore,Tablet,Electronics,4,52292
305,02-02-2024,Sara,Bangalore,Phone,Electronics,4,8010
306,01-01-2024,Vikram,Hyderabad,Tablet,Electronics,4,22937
307,15-04-2024,John,Hyderabad,Phone,Electronics,4,21590
308,20-02-2024,Neha,Bangalore,Phone,Electronics,3,25645
309,10-04-2024,Vikram,Hyderabad,Dress,Fashion,2,45676
310,04-01-2024,Pooja,Pune,Tablet,Electronics,1,54671
311,11-04-2024,Vikram,Pune,Phone,Electronics,3,44166
312,24-02-2024,Vikram,Hyderabad,Shoes,Fashion,5,34201
313,21-04-2024,Vikram,Delhi,Dress,Fashion,5,42823
314,14-01-2024,Sara,Delhi,Dress,Fashion,1,37911
315,27-03-2024,Vikram,Delhi,Shoes,Fashion,1,1691
316,29-01-2024,Sara,Bangalore,Watch,Accessories,5,46248
317,14-02-2024,Amit,Delhi,Laptop,Electronics,1,55481
318,19-01-2024,Neha,Bangalore,Dress,Fashion,4,23826
319,26-02-2024,Pooja,delhi,Watch,Accessories,1,2480
320,23-03-2024,Riya,Pune,Watch,Accessories,2,34816
321,21-01-2024,Neha,Bangalore,Shoes,Fashion,2,13215
322,25-02-2024,,Hyderabad,Shoes,Fashion,5,29151
323,31-03-2024,Sara,Mumbai,Dress,Fashion,2,24972
324,28-02-2024,Riya,Bangalore,Watch,Accessories,3,40123
325,20-02-2024,Riya,Bangalore,Watch,Accessories,3,41270
326,27-03-2024,John,Pune,Phone,Electronics,3,46445
327,19-02-2024,Vikram,Hyderabad,Phone,Electronics,4,42648
328,27-04-2024,John,Bangalore,Phone,Electronics,3,56180
329,07-01-2024,Neha,Bangalore,Shoes,Fashion,5,34124
330,22-02-2024,Pooja,Bangalore,Laptop,Electronics,5,3022
331,29-01-2024,,Pune,Phone,Electronics,4,38070
332,08-04-2024,Pooja,Mumbai,Tablet,Electronics,5,54954
333,10-03-2024,Amit,Bangalore,Shoes,Fashion,1,49233
334,06-04-2024,Sara,Mumbai,Tablet,Electronics,1,29774
335,16-01-2024,Sara,Hyderabad,Watch,Accessories,5,42469
336,19-03-2024,John,Pune,Dress,Fashion,3,35883
337,09-03-2024,John,Delhi,Tablet,Electronics,5,59992
338,13-01-2024,John,Bangalore,Tablet,Electronics,2,46968
339,01-02-2024,John,Pune,Watch,Accessories,4,33077
340,21-03-2024,Raj,Bangalore,Watch,Accessories,1,27401
341,05-02-2024,Neha,Bangalore,Laptop,Electronics,1,48902
342,22-03-2024,Neha,Hyderabad,Shoes,Fashion,2,33421
343,16-04-2024,Raj,Hyderabad,Shoes,Fashion,3,59599
344,07-01-2024,Amit,bangalore,Phone,Electronics,4,30918
345,24-02-2024,Sara,Pune,Tablet,Electronics,2,58306
346,05-02-2024,Riya,Delhi,Watch,Accessories,2,4393
347,09-02-2024,Sara,Mumbai,Laptop,Electronics,2,32248
348,16-03-2024,Sara,bangalore,Watch,Accessories,3,54550
349,20-04-2024,Vikram,Bangalore,Shoes,Fashion,1,48891
350,14-01-2024,Neha,Delhi,Phone,Electronics,2,5483
351,02-01-2024,John,Pune,Phone,Electronics,4,41375
352,20-04-2024,Sara,Mumbai,Laptop,Electronics,5,48841
353,24-02-2024,Neha,Pune,Laptop,Electronics,2,37267
354,02-04-2024,Raj,Mumbai,Watch,Accessories,3,14464
355,06-03-2024,Sara,Delhi,Phone,Electronics,4,26289
356,04-03-2024,Riya,Mumbai,Tablet,Electronics,2,26351
357,13-03-2024,Vikram,Pune,Laptop,Electronics,1,39493
358,03-02-2024,,Mumbai,Shoes,Fashion,5,19775
359,05-03-2024,Vikram,Bangalore,Dress,Fashion,5,41373
360,11-01-2024,Raj,Pune,Phone,Electronics,5,22413
361,22-03-2024,Riya,Bangalore,Phone,Electronics,1,17022
362,25-02-2024,Riya,Hyderabad,Watch,Accessories,2,8827
363,18-01-2024,Amit,Delhi,Watch,Accessories,3,11942
364,05-04-2024,Raj,Mumbai,Laptop,Electronics,3,53894
365,08-03-2024,Riya,Hyderabad,Shoes,Fashion,4,34474
366,04-03-2024,John,Delhi,Dress,Fashion,1,15968
367,01-01-2024,Amit,Mumbai,Shoes,Fashion,3,26098
368,23-01-2024,Amit,Bangalore,Phone,Electronics,4,48204
369,15-04-2024,Riya,Mumbai,Laptop,Electronics,2,15626
370,06-01-2024,Vikram,Bangalore,Tablet,Electronics,3,6661
371,02-01-2024,Neha,Hyderabad,Watch,Accessories,5,16897
372,16-03-2024,Pooja,Pune,Dress,Fashion,2,10867
373,22-02-2024,Amit,Delhi,Watch,Accessories,1,22955
374,25-03-2024,Vikram,Delhi,Dress,Fashion,2,28513
375,08-01-2024,John,mumbai,Phone,Electronics,5,28070
376,17-02-2024,Pooja,Mumbai,Dress,Fashion,2,42760
377,10-01-2024,Amit,Pune,Tablet,Electronics,3,53482
378,16-04-2024,Neha,Delhi,Phone,Electronics,2,52113
379,14-01-2024,John,Bangalore,Shoes,Fashion,1,36122
380,08-04-2024,Sara,Bangalore,Laptop,Electronics,1,11329
381,08-02-2024,Amit,Delhi,Watch,Accessories,2,24313
382,07-01-2024,Raj,pune,Shoes,Fashion,4,37434
383,01-02-2024,Riya,Pune,Laptop,Electronics,2,9566
384,21-02-2024,Neha,Mumbai,Tablet,Electronics,1,2428
385,26-01-2024,Pooja,Mumbai,Tablet,Electronics,1,3798
386,07-01-2024,John,Bangalore,Shoes,Fashion,4,2932
387,24-02-2024,John,Pune,Shoes,Fashion,2,3270
388,19-03-2024,Sara,Bangalore,Dress,Fashion,4,4996
389,19-02-2024,John,Hyderabad,Dress,Fashion,1,26067
390,15-02-2024,Pooja,Bangalore,Dress,Fashion,5,22076
391,24-01-2024,Amit,pune,Tablet,Electronics,1,53995
392,08-03-2024,Neha,Pune,Laptop,Electronics,2,44048
393,09-03-2024,Amit,Pune,Shoes,Fashion,3,55999
394,23-01-2024,John,Delhi,Watch,Accessories,3,39768
395,30-03-2024,Neha,Hyderabad,Phone,Electronics,4,36528
396,03-03-2024,Amit,Pune,Laptop,Electronics,5,32325
397,27-04-2024,Sara,Delhi,Tablet,Electronics,1,2436
398,31-03-2024,John,Hyderabad,Laptop,Electronics,3,47172
399,20-02-2024,Riya,Delhi,Phone,Electronics,4,52894
400,03-03-2024,Neha,Hyderabad,Dress,Fashion,3,15630
401,14-04-2024,John,Delhi,Watch,Accessories,1,47006
402,20-02-2024,Amit,Delhi,Dress,Fashion,2,42919
403,29-04-2024,Pooja,Mumbai,Tablet,Electronics,2,42693
404,12-01-2024,Neha,Delhi,Watch,Accessories,1,23969
405,14-01-2024,,Bangalore,Phone,Electronics,4,33314
406,14-02-2024,Vikram,Bangalore,Dress,Fashion,2,11659
407,12-04-2024,Amit,Delhi,Laptop,Electronics,1,23400
408,18-02-2024,John,Hyderabad,Laptop,Electronics,3,39930
409,24-04-2024,Pooja,Bangalore,Phone,Electronics,5,59310
410,07-01-2024,Riya,Pune,Dress,Fashion,5,18384
411,08-02-2024,Sara,Bangalore,Shoes,Fashion,2,4572
412,24-02-2024,Riya,Hyderabad,Laptop,Electronics,1,14562
413,07-02-2024,Riya,Mumbai,Shoes,Fashion,4,33053
414,03-02-2024,Riya,Bangalore,Shoes,Fashion,3,13227
415,03-02-2024,Pooja,Pune,Dress,Fashion,1,10904
416,26-03-2024,Riya,Delhi,Shoes,Fashion,5,15910
417,17-04-2024,Vikram,Bangalore,Watch,Accessories,4,38533
418,01-03-2024,Raj,Mumbai,Dress,Fashion,5,45402
419,19-01-2024,Riya,Bangalore,Phone,Electronics,2,53983
420,06-01-2024,Vikram,Bangalore,Watch,Accessories,2,55664
421,10-02-2024,Riya,Hyderabad,Tablet,Electronics,3,35058
422,21-04-2024,Amit,Hyderabad,Shoes,Fashion,1,28160
423,13-03-2024,Riya,Hyderabad,Tablet,Electronics,5,58680
424,22-02-2024,Raj,Bangalore,Shoes,Fashion,1,12285
425,19-01-2024,,Delhi,Laptop,Electronics,4,18601
426,03-01-2024,Neha,Delhi,Shoes,Fashion,1,57944
427,08-02-2024,Pooja,Delhi,Shoes,Fashion,5,43307
428,26-02-2024,Sara,Bangalore,Dress,Fashion,3,54806
429,11-04-2024,John,Hyderabad,Dress,Fashion,5,2897
430,22-04-2024,Sara,pune,Laptop,Electronics,3,47178
431,17-02-2024,Pooja,Mumbai,Phone,Electronics,3,33033
432,23-01-2024,Pooja,Delhi,Tablet,Electronics,1,19682
433,07-01-2024,John,Pune,Watch,Accessories,2,45413
434,24-03-2024,Vikram,Mumbai,Phone,Electronics,2,40396
435,29-01-2024,Raj,Delhi,Watch,Accessories,3,28774
436,19-04-2024,Neha,Pune,Watch,Accessories,5,55022
437,15-03-2024,,Delhi,Dress,Fashion,5,19525
438,14-01-2024,Pooja,Delhi,Tablet,Electronics,3,43999
439,24-04-2024,Raj,Hyderabad,Laptop,Electronics,5,27482
440,28-03-2024,John,Bangalore,Tablet,Electronics,4,27515
441,05-01-2024,Sara,Pune,Watch,Accessories,4,45031
442,08-02-2024,John,Hyderabad,Laptop,Electronics,4,9384
443,02-04-2024,John,Delhi,Phone,Electronics,3,15636
444,09-02-2024,Vikram,Delhi,Dress,Fashion,3,31393
445,01-03-2024,Amit,Hyderabad,Dress,Fashion,1,31947
446,05-03-2024,Riya,Bangalore,Shoes,Fashion,1,58071
447,18-01-2024,Sara,Hyderabad,Shoes,Fashion,2,21734
448,24-01-2024,Riya,Pune,Laptop,Electronics,1,30625
449,07-04-2024,John,Pune,Laptop,Electronics,2,41270
450,24-02-2024,Vikram,Bangalore,Laptop,Electronics,5,14068
451,02-01-2024,Neha,Hyderabad,Watch,Accessories,1,42070
452,29-01-2024,Neha,Mumbai,Dress,Fashion,3,11945
453,06-01-2024,Raj,Bangalore,Dress,Fashion,5,23140
454,28-03-2024,John,Bangalore,Phone,Electronics,2,54215
455,30-01-2024,Sara,Pune,Laptop,Electronics,5,34071
456,16-02-2024,Amit,Delhi,Dress,Fashion,1,39923
457,25-03-2024,Riya,mumbai,Laptop,Electronics,4,30118
458,11-03-2024,Raj,Pune,Watch,Accessories,1,20733
459,13-01-2024,Raj,Pune,Laptop,Electronics,5,48105
460,06-02-2024,Riya,Bangalore,Phone,Electronics,3,55493
461,26-01-2024,Neha,Delhi,Dress,Fashion,4,14611
462,02-03-2024,Neha,Mumbai,Laptop,Electronics,5,44845
463,12-01-2024,Riya,Mumbai,Watch,Accessories,2,30933
464,07-02-2024,Raj,Mumbai,Laptop,Electronics,3,24607
465,10-02-2024,Vikram,Mumbai,Laptop,Electronics,1,56836
466,23-03-2024,John,Bangalore,Tablet,Electronics,1,25420
467,24-01-2024,Riya,Bangalore,Shoes,Fashion,4,53422
468,23-04-2024,John,Mumbai,Phone,Electronics,1,28264
469,02-03-2024,Pooja,Bangalore,Dress,Fashion,1,57529
470,17-04-2024,John,Bangalore,Shoes,Fashion,4,4012
471,24-03-2024,,Hyderabad,Dress,Fashion,5,15679
472,26-03-2024,Neha,Hyderabad,Watch,Accessories,2,32583
473,27-03-2024,Vikram,Hyderabad,Dress,Fashion,1,1763
474,21-01-2024,Pooja,Pune,Shoes,Fashion,3,16787
475,05-02-2024,Amit,Hyderabad,Shoes,Fashion,2,6166
476,12-04-2024,Pooja,Bangalore,Laptop,Electronics,4,49839
477,14-01-2024,Vikram,Hyderabad,Laptop,Electronics,5,41571
478,23-04-2024,Sara,Bangalore,Tablet,Electronics,1,54515
479,28-02-2024,Neha,Hyderabad,Watch,Accessories,3,47918
480,13-01-2024,,Delhi,Tablet,Electronics,5,35208
481,14-01-2024,Amit,Bangalore,Watch,Accessories,4,8009
482,26-01-2024,Sara,Bangalore,Phone,Electronics,3,8062
483,06-01-2024,Riya,Bangalore,Dress,Fashion,5,9823
484,01-01-2024,Amit,Bangalore,Shoes,Fashion,5,52188
485,23-01-2024,John,Pune,Watch,Accessories,5,40725
486,05-03-2024,Vikram,Hyderabad,Phone,Electronics,3,27074
487,07-02-2024,Pooja,Pune,Watch,Accessories,5,20589
488,11-03-2024,Neha,Hyderabad,Phone,Electronics,2,41905
489,28-03-2024,Neha,Pune,Watch,Accessories,2,34023
490,22-03-2024,Neha,Delhi,Dress,Fashion,5,44722
491,27-03-2024,Raj,Bangalore,Dress,Fashion,1,2656
492,07-01-2024,Amit,Pune,Watch,Accessories,3,10596
493,29-03-2024,Raj,hyderabad,Shoes,Fashion,1,41377
494,04-04-2024,Sara,Hyderabad,Dress,Fashion,3,46412
495,28-04-2024,Vikram,Delhi,Laptop,Electronics,1,49737
496,20-03-2024,Pooja,Delhi,Dress,Fashion,5,13875
497,25-01-2024,Raj,Mumbai,Phone,Electronics,5,8821
498,24-02-2024,Raj,Pune,Tablet,Electronics,1,22663
499,29-04-2024,,Delhi,Watch,Accessories,5,56256
500,03-03-2024,Neha,Delhi,Phone,Electronics,5,5468
